{"cameraMode":{"drawMode":0,"name":"Shaded","section":"Shading Mode"},"sceneLighting":false,"audioPlay":false,"sceneViewState":{"showFog":false,"showMaterialUpdate":false,"showSkybox":false,"showFlares":false,"showImageEffects":false,"showParticleSystems":false},"in2DMode":false,"pivot":{"x":-10.189289093017579,"y":81.32054138183594,"z":-11.993762016296387},"rotation":{"x":0.12881819903850556,"y":0.0796414166688919,"z":-0.010377275757491589,"w":0.9884105920791626},"size":21.90917205810547,"orthographic":true}